,title,price,lat,lon
0,"P""m""P.10: Rooftop Hidden Gem* Incredible City view",$502,10.76596,106.69963
1,6.Luxury Big Studio- Infinity Pool/Gym in Center,$255,10.753201,106.692986
2,Funky Studio M above Craft Coffee by Circadian,$144,10.79253,106.70078
3,B11: 1BR City Center - w Balcony,$225,10.7857413,106.6995085
4,11:11 Mustang Boutique @BenThanh,$176,10.7721155,106.6933868
5,Luxury2BR/2BA/High-Rise Infinity Pool/Gym/Central,$435,10.754426283118132,106.6865820450468
6,Xi-MƒÉng Studio near Buivien street | Em‚Äôs Home 2,$322,10.765846378828972,106.68897069990636
7,„ÄêNEW SALE„Äë Suite 1BR With Open View on 49F,$318,10.79773,106.72
8,Modern Hotel & Serviced Apt in Phu My Hung Center,$83,10.733783228451498,106.70727140489348
9,"Genesis, 2Brs(3 Beds)+2Wc, View Bitexco+River+City",$469,10.76231,106.69797
10,Central City ‚Ä¢ 2BRZenity ‚Ä¢ 2WC/Pool & Free Gym,$505,10.754913460674915,106.68824389932016
11,Luxury 5* 2Br Corner Apt at The Opera by ChiHome,$510,10.77712824344336,106.71232033520936
12,New 1BR+Kitchen+Balcony D1,$235,10.7710231,106.687658
13,Luxury Apt / 2BR /3Beds/2Wc/Rooftop Pool/Gym/River,$553,10.788544329619148,106.68547079999998
14,"P""m""P.22 : Memories of grandma's house*Downtown D1",$235,10.765290359985364,106.68828599140166
15,Luxury 5*Apt-2BR 2WC-River View+Infinity Pool+Gym,$519,10.75535,106.68766
16,Luxurious 5* 2Br 3Bed - infinity Pool+Gym+Center,$650,10.7553526,106.6876641
17,"11.[Big Promo - 20%] Studio-Free Infinity Pool,Gym",$238,10.753201,106.692986
18,"Central Hideaway, Local Retreat | There Space",$153,10.78611,106.70156
19,(202) Bui Vien 10 minutes on foot/Cozy house,$77,10.77089043404472,106.68893691284524
20,Central Cozy Room by Kolab (T3),$129,10.7883445,106.7007858
21,"Cozy Vietnamese home Bui Vien Nightlife, Ben Thanh",$135,10.765920679957762,106.6913606637543
22,LeeLai Studio 30m2 Center of District 1,$194,10.769321469936957,106.69157139325412
23,Jewel Suite@Heartof Saigon Balcony/kitchen/laundry,$226,10.77086,106.69113
24,Best Location | Clouden @ Cozinema | Skyview |Lift,$156,10.76732710942445,106.6923939469254
25,River Garden Villa ‚Ä¢ 7BR 7WC ‚Ä¢ Pool & Green Yard,"$2,040",10.785730080688683,106.75378259271385
26,"Panoramic view, special loft Penthouse, Rooftop",$990,10.76963,106.69806
27,"Experience everything in the countryside, culture, people",$82,10.3299677,106.5117749
28,"2BR River View, Next to Landmark 81 Vinhomes",$330,10.795967519603188,106.72101236879826
29,107 Cozy mini apartment in the city center,$71,10.76542,106.69253
30,"P""m""P.24 : Tropical flat * Gorgeous Bathtub in D1",$422,10.76524292991491,106.6882216183853
31,1 BR/ BA + Free pickup ‚Ä¢ Bathtub ¬§ Saigon Center,$188,10.761320880242458,106.69303232802018
32,2| Central D1 | Minimalist Apt | Big Balcony,$224,10.7788,106.70298
33,The Urban Resort City Center Apt 3A by Circadian,$383,10.78587272659976,106.701026785108
34,Leelai Studio 30m2 Center District 1,$194,10.769395249044583,106.69200591111452
35,"7.BigStudio Free Infinity Pool-Gym,Near District 1",$294,10.753201,106.692986
36,A&VHome#3_The Simple Living/01 Guest/No Elevator,$78,10.78474,106.67037
37,Best Location | SkyLush @ Cozinema | Lift Access,$158,10.768376299996907,106.69258330017328
38,(401TTD) Compact Studio w Nice View,$89,10.771890519284192,106.70273374804952
39,"P""m""P. 18 : Glorious Rooftop hidden marble",$627,10.765681,106.688209
40,(402TTD) Compact Studio w Balcony | D1,$96,10.771969327776718,106.70427038055622
41,"1-1BR, 5mins to Notre-Dame Cathedral Dist.1",$229,10.787006101323689,106.69882309211113
42,MG Daisy - Wabi Sabi 2 @Ben Thanh,$121,10.7736779,106.6955523
43,50m2 Whole Floor Balcony Washing Machine District1,$152,10.762443000000008,106.68879146627046
44,ƒêaKao Vibe: Retro Studio GB in Center by Circadian,$223,10.789354739847848,106.6988892161377
45,Best Location/2' Bui Vien/Balcony/Laundry/Netflix,$171,10.765007,106.6924914
46,Best Location | Kanso @ Cozinema | Lift Access,$170,10.768388157391916,106.69258899986744
47,Trendy Apt in City Center|Ideal for Digital Nomads,$105,10.7651352,106.6937753
48,1BR apt w Rooftop Kitchen - 5‚Äô to Hop ON/OFF bus,$211,10.7784472,106.6986833
49,MG Daisy Wabi-Sabi Inspired,$152,10.7741,106.695
50,Hoi An Studio | Bathtub |  5‚òÖ Views by CIRCADIAN,$210,10.76278,106.6959
51,Urban Hideout w Bathtub & Projector @Bui Vien,$131,10.76469385721258,106.69841564710065
52,Hideaway [4] ‚Äî Quiet retreat on famous Pasteur St.,$163,10.77817,106.69936
53,Stay chill 602H ‚Äì Netflix and near Ben Thanh market,$132,10.7711194,106.6928632
54,1BR-65sqm-Balcony IN BEN THANH,$265,10.7717797,106.6999919
55,Large window studio,$108,10.79128,106.6938
56,6 |Central D1 Minimalist | Bathtub & Open Terrace,$303,10.7793031,106.7023854
57,"Bamboo Hideout Studio in Saigon‚Äôs Heart, Ben Thanh",$141,10.7655834,106.6916718
58,Majestic 2Br Apt Penthouse | Skyline & River Views,$386,10.796192,106.6852857
59,Easygoing Home - Cozy Nest Room in the City Center,$70,10.761864872715176,106.69052973389626
60,Hidden Bar Styled Studio @ Saigon Alleyway,$360,10.76222,106.69275
61,"8.(-20%) Big Studio Near Dist.1 Infinity pool, HCM",$202,10.753201,106.692986
62,1 | D1 Minimalist Apt | Secret Rooftop & View.,$255,10.77971,106.70183
63,B House Outer Balcony 402,$146,10.78301949757296,106.68771844357252
64,Stylish Room #304 in a Bookstore at City Center,$91,10.76452,106.68974
65,20% OFF Netflix + Projector @District 1,$77,10.75685,106.68635
66,A Vintage Bedroom in District 1,$189,10.764701240412066,106.6912046981476
67,"P""m""P.25: Attic loft* magical stained glass frame",$205,10.765337790048347,106.68829672023772
68,"P""m""P.25: Attic loft* magical stained glass frame",$205,10.765337790048347,106.68829672023772
69,NU Rooftop Oasis Tent ‚Ä¢ Pool & Gym ‚Ä¢ HCM D1,$71,10.7618837,106.6871999
70,Japan Street/45m2 - Dist 1/ Wide window 55inch TV,$307,10.7803451,106.7040564
71,Cozy Studio with bathtub,$143,10.78922,106.7074
72,8th floor 2BR Opera Metropole | Central City View,$523,10.7753365,106.7122919
73,Skyline Corner RiverView CBD Level 2x by ChiHome,$609,10.777566018606466,106.71232846158505
74,Perfect sunset city view | common space shared,$88,10.784260949172468,106.63974466454596
75,L1| Large and Quiet Private Room | Central Dist 7,$69,10.7475735,106.7089186
76,Signy House Premier 1 | Riverside | Fast wifi,$153,10.7932483,106.687466
77,WinDy Home Apartment Tillia T2C,$350,10.768738278725372,106.71331442892551
78,| Spacious Bunk Bed & Clean | D.1 Local Saigon| B5,$32,10.766667,106.690754
79,Olive Corner ‚Äì Calm & Cozy Studio- D3,$126,10.76935,106.68462
80,Cheap service room in District 1 - S2,$79,10.78490981166029,106.70073154573672
81,"Apartment in Korea Town, District 7",$292,10.726768635862609,106.7028080145537
82,Peaceful Studio Just 5 Minutes to Airport,$110,10.81340333379878,106.668400561242
83,*Little Star* Suite- Sun Avenue - Free Pool&Gym,$215,10.7854219,106.7493694
84,Wabi Sabi + Cement Bathtub + Netflix Near Bui Vien,$113,10.76259,106.69397
85,Metropole Signature | Stunning View ‚Ä¢ Pool ‚Ä¢ Gym,$473,10.77982,106.71388
86,PIN Boutique - Studio | Kitchen | Washer | Dryer,$143,10.7866009,106.6924758
87,Gi·∫•y-D√≥ Studio in central of Saigon | Em‚Äôs Home 1,$381,10.7704374,106.6937104
88,"P""m""P.26: Colonial Art Loft with Greenery Balcony",$340,10.7653009,106.688345
89,A1-TBD,"$40,979",10.79221,106.66964
90,"Arrivals Hotel, Combo for 6 people,Center 1 LUXURY","$58,530",10.75921,106.69483
91,Lovely Serviced Apartment with Swimming Pool,"$58,542",10.77675,106.6984
92,Cozy Lodge,"$46,833",10.82166,106.67698
93,CiHMS,"$25,000",10.804,106.74541
94,For long time living. Perfect,"$46,833",10.79709,106.72263
95,Super Villa Vinhome Bason - City Center,"$46,833",10.785509089509072,106.70876804677113
96,8-bedroom Spacious Apartment with City View,"$58,542",10.79621,106.71856
97,Bright Minimal Apt | D1 near Tan Dinh Church,$80,10.794610079216373,106.68890097895238
98,Superior apartment-style room with outdoor terrace,"$36,800",10.771647152185116,106.69205666826171
99,RooftopGarden Bathtub FancyBacony 1BRApt Center D3,"$31,105",10.7720774,106.6788997
100,Cubicity Hoang Dieu  Deluxe Room,$186,10.7652887,106.7059219
101,Central Cozy Room by Kolab (T5),$111,10.7883445,106.7007858
102,Lovely 1-bedroom serviced apt with private balcony,"$22,554",10.763256,106.688835
103,"Luxury‚ÄìNear Airport,CityCenter apt w Hotel Amenity","$31,631",10.80188,106.65531
104,Avanti family Room,"$37,274",10.77291761215566,106.69712327790982
105,Cozy Central Studio by Kolab (T4),$128,10.7883445,106.7007858
106,TOKEN„ÄÄVIETNAM„ÄÄJAPAN„ÄÄÔº≥Ôº¥ÔºπÔº¨Ôº•,"$23,751",10.76645,106.70317
107,continue to stop,"$33,823",10.84668,106.84105
108,meme house,"$58,542",10.729003,106.7042673
109,Two Rooms For Group And Family D1,"$22,846",10.77431,106.69695
110,"Travelers' favorite apartment with a nice park in the complex, Bom Hom Central Park","$36,564",10.79437,106.71936
111,Zenity 3 BRs Apt‚Ä¢Jacuzzi Pool,"$22,736",10.755601647349328,106.68754175305368
112,not available,"$29,306",10.75498,106.69
113,Nice apartment in Nha Be,"$38,196",10.7123992,106.7073173
114,Lending Lumiere Riverside,"$58,542",10.80379,106.74993
115,"Prestige Cruise 590, Saigon River.","$33,438",10.78236,106.7555
116,Two Rooms for Groups - Family D1,"$22,853",10.77562,106.69582
117,John's place,"$11,459",10.775007691621935,106.70436193905846
118,Small single-bed rooms,"$14,400",10.7716817,106.6921767
119,Balcony room walk to BuiVien,"$14,650",10.76314,106.69644
120,Linh's homestay,$59,10.764734077804157,106.69639639556408
121,The RetroMetro Suite G with Bathtub by Circadian,$331,10.792507295878414,106.69336680443034
122,Icon 56,"$19,634",10.764963790303202,106.70337732194024
123,20%Off FamilyRoom Near IndependentPlace,"$10,793",10.77511,106.69605
124,"City Center | Balcony, Bathtub, Peaceful |Netflix",$166,10.760425,106.688078
125,Small double-bed rooms,"$17,400",10.771692029754307,106.69212782400938
126,Luxury Verde Villa-7BR/KTV/Billiards/BBQ/Rooftop Pool,"$6,990",10.777614056091132,106.75187788903712
127,Center City Villa -7BR/Pool/TV/Billiards/BBQ,"$5,421",10.79729,106.74264
128,Luxurious Villa/8BR RoofTOP Pool BBQ/KTV/Billards,"$6,557",10.768748434753276,106.7675464177918
129,Combo 3 Units Connect* Sky Villa,"$5,503",10.781074974103968,106.688892719574
130,SkyVilla 153m2 Front River CBD 6* 3Br by chiHome,"$8,782",10.77814541384592,106.71341336353554
131,Diamond/7brs+8bed/7Wc/Pool/Billiards/Karaoke,"$6,300",10.787201,106.7522343
132,Villa 7room-8bed-5wc. Family Villa,"$5,130",10.77339,106.76116
133,Skyline Villa/Elevator/Terrace/Lagoon/Free Laundry,"$3,888",10.77530125661818,106.6937863665915
134,Boutique Villa/13 BR/District 1/LIFT/Skydeck Pool,"$3,374",10.77629,106.69474
135,Apartment 3BR The Marq District 1 center -Luxury5*,"$3,250",10.786732382424884,106.69787946671502
136,River View @27F‚Ä¢2Bedrooms‚Ä¢Mini Bar,"$3,493",10.76275,106.69828
137,-20% Amazing 3BR Duplex @Relax in Center @Pool+Gym,"$2,486",10.7813668,106.6892362
138,"Luxury Maison 5-Star City Center, Infinity Pool","$4,407",10.781379852723568,106.71327553689478
139,"190spaces: Stylish, sunlit apartment in downtown","$2,852",10.76385,106.68977
140,Urban Sky Loft | Rooftop Pool & Premium Amenities,"$3,729",10.7744,106.70346
141,Stunning apartment at The Opera by chiHome,"$4,391",10.778234143860516,106.7124430462718
142,The Rixx Combo/10 beds/mixed apartments/madison,"$3,911",10.77859,106.70469
143,MyWay: Charming 1-bedroom hotel with pool.,"$4,320",10.77335,106.7047
144,Q1 Urban Stay ‚Äì Lift | Kitchen | Support 24/24,"$3,070",10.776130861016592,106.70348177822478
145,6br Connect villa - With pool - Free Breakfast,"$4,289",10.781349,106.6892575
146,1BR/HCMC/Vinhomes Golden River/Vian Homestay,"$3,343",10.78631,106.71045
147,Mini Hotel 1Br in D1-Cozy Balcony with Firework,"$3,087",10.76994132282861,106.69110223732147
148,The Rixx Combo/group of 16+ @Madison/D1/pool/gym,"$3,560",10.77804,106.70506
149,2 listing 7BR*private pool*Connecting room*Sauna,"$4,208",10.78195,106.68816
150,Vinhomes Central Villa ‚Ä¢ KTV ‚Ä¢ Billiards‚Ä¢ Theatre,"$2,899",10.78538986398524,106.71071603894234
151,7BR Combo ‚Ä¢ 2 Side-by-Side Apts ‚Ä¢ Great for Team,"$4,531",10.781559788980989,106.68932187301638
152,Group Stay | 4x3BR Same Tower | Sleeps 32+ Guests,"$3,241",10.762729885925715,106.69841888147586
153,6 bedrooms house in great location district 1,"$3,054",10.771765516964932,106.70519504696132
154,"Mini Hotel 1BR-Heart D1-Park View,2mins to BuiVien","$3,143",10.772817085436596,106.69892389048232
155,Highview Villas with Private Pool - 3bedroom,"$2,563",10.781349,106.6892575
156,-20% Luxury 4BR Duplex #Private Pool @Great View,"$2,635",10.78137,106.68924
157,Group Adventure D1:9BR Free Sunny Poolside Retreat,"$2,629",10.7553575,106.6875242
158,Group Stay | 4x3BRs apartments | Sleeps 32 Guests,"$3,379",10.76476,106.69406
159,DANNY's HUGE Living Room CBD 03 Brs APT w Gym Pool,"$3,653",10.76582,106.69896
160,2 Apts Opposite | 6BR Total | Full Service Stay,"$3,553",10.781507091749573,106.68913948280336
161,The Rixx Combo for 16 more - Ben Thanh/D1/pool/gym,"$2,834",10.76796,106.69764
162,Maison sky pool villa,"$3,045",10.7801,106.68575
163,Complex 6BR Panorama view/pool gym Ben Thanh,"$3,251",10.76969,106.69633
164,Victoria Villa‚Ä¢Central D1‚Ä¢ Karaoke/Billiards/Movie,"$3,624",10.78587,106.70972
165,Central Studios 9rm 18 ppl @Ben Thanh by Circadian,"$2,717",10.76983,106.69396
166,Villa resort Ho Chi Minh city,"$6,094",10.81455,106.83979
167,Complex 6BR @Big Balcony/Pool Ben Thanh Tower D1,"$3,127",10.76954,106.69809
168,"3BR2WC, city view  in District 1, HCM City.","$2,559",10.763296047087588,106.69486019206542
169,"8 Beds | 3x2BR Same Floor,Side-by-Side, District 1","$2,542",10.7636913,106.6946027
170,Superior Triple | Collection O Madam Cuc Bui Vien,"$6,495",10.76845,106.69431
171,-20% Modern 4BR Duplex @Pool+Gym ~Peaceful in D3,"$2,635",10.7813668,106.6892362
172,COSY STUDIO WITH GARDEN,"$8,913",10.81203,106.71152
173,Apartment 2BR The Marq District 1 center -Luxury5*,"$3,250",10.788570045059156,106.69845127735567
174,"Luxury Studio | Sleek, Stylish & Near SECC","$5,717",10.72633,106.7047
175,"Luxury Flat, High Floor, Pool & Gym, NetFlix","$5,860",10.80262,106.74258
176,Capitaland District 1 Luxury Apartment,"$7,611",10.755769307353798,106.6873962432146
177,3BR Luxury in Cardinal Court,"$7,025",10.728643,106.7248434
178,Sunrise CiTy Apartment for Rent,"$5,972",10.73989,106.69948
179,Cozy Apartment R102 - In the heart of Saigon,"$5,855",10.77018,106.69102
180,Villa pool 6room - 7bed - 5wc,"$5,130",10.795879190339512,106.74371168903276
181,Luxe Family Stay in Heart of Vietnam by Madam Cuc,"$5,768",10.76625,106.69044
182,2 Attached and Private Penthouse - Total 7 Bedrooms,"$5,855",10.78249,106.68839
183,Elegant Deluxe Stay | Ideal for Airport Travelers,"$6,898",10.800317397984903,106.66300237072772
184,Luxury apartment ‚Ä¢ 2br ‚Ä¢ highfloor‚Ä¢ view firework,"$5,548",10.79457,106.7197
185,2 Apts ‚Ä¢ 6BR ‚Ä¢ Private Pool ‚Ä¢ Perfect for Families,"$5,725",10.78216,106.68956
186,4 PAX Park view-Airly- Metro 2- Ben Thanh Bui Vien,"$6,614",10.77294,106.68951
187,"793 Villa h·ªì b∆°i, 7 ph√≤ng, 10wc, Karaoke,Gym,Sauna","$5,521",10.74846,106.6988
188,3 BR Cozy apartment next to Ben Thanh market[R&V],"$5,813",10.76891,106.69715
189,SM10.301 - LUXURY ONE BEDROOM APARTMENT (NEAR D1),"$5,855",10.77738,106.68021
190,Superior Family | Collection O District 8,"$7,446",10.74591,106.68781
191,3203 + 3004,"$3,374",10.762791816032356,106.69501206508178
192,-20% aparment luxury ~ 3Br Free Swimming and Gym,"$7,260",10.794416208477031,106.71816041277454
193,1pn Landmark 81  vinhomes central park,"$5,339",10.79441,106.72294
194,The Royal Suite Saigon,"$5,184",10.7986325,106.7420107
195,Apartment for rent city garden 3Brs,"$9,367",10.79125,106.71368
196,"Luxury villa, karaokeroom, sauna","$5,865",10.70108,106.72286
197,"Masteri Centre Point C 3PN, park view","$7,581",10.87631755136042,106.77889074243546
198,#Galleria_Penthouse #Luxury #NiceInfinityPool~!,"$5,931",10.77841,106.7132133
199,2 Attached and Private Penthouse - Total 7 Bedrooms,"$5,878",10.78099,106.68877
200,Family Warm Villa 9bed-9room-11wc-Pool-Karaoke,"$5,697",10.80222,106.81697
201,JW Marriott Apart: Luxury 2BRs & Skyline view,"$3,000",10.78441,106.70943
202,‚ô• 3 BR ‚ô• LUXURY CONDO 2min from BenThanh market,"$6,358",10.76841,106.6968
203,Relaxed Suite Stay | Perfect Airport Stopover,"$6,929",10.79966920169482,106.66355371841163
204,Sky Villas with Private Pool - 3bedroom,"$2,563",10.781349,106.6892575
205,Villa 10 bedroom sauna bbq pool karaoke,"$6,185",10.790047281244364,106.8202767776074
206,Vinhomes Grand Park - DEC.room,"$2,773",10.846059620850024,106.83905388123208
207,Maison Villa EverRich Riverside,"$3,559",10.727456613080626,106.7318706214428
208,Skyline River View ‚Ä¢ 2BR Luxury Apt in District 1,$535,10.7545,106.68688
209,#1 cozy apartment next to Ben Thanh market - 3 BR,"$5,666",10.76835,106.69802
210,Promo Today! 3-Bedroom Villa with Private Pool,"$2,031",10.78176,106.68985
211,Saigon House ‚Äì Chill & Jacuzzi Vibes,"$1,260",10.77944299759444,106.74927983433008
212,Penthouse MaisonVilla sky pool,"$3,365",10.79036,106.75237
213,Large Area_$ Modern luxury_@ Beautiful Landscape,"$2,132",10.796230271848469,106.7225079204213
214,"Estella Pool villa, Estella Pool villa","$2,791",10.80043418139085,106.7478285092146
215,Spacious Modern Penthouse,"$3,329",10.805832408849442,106.75257920899983
216,"Safe, Clean Villa in HCMC","$1,637",10.78217,106.74893
217,Best Price Today! 3BR Duplex Villa with Balcony,"$1,395",10.78208,106.69081
218,"Mini hotel 1 BR in D1-2mins BuiVien, BenThanh","$3,250",10.7725,106.69915
219,Villa 8bedroom,"$3,909",10.82643,106.71845
220,Luxury 6BRS Villa - Private pool D2 - Ho Chi Minh,"$3,956",10.81433,106.72651
221,D1_4BR_Ben Thanh Complex_Bathtub x Skylight Garden,"$1,824",10.77362,106.69808
222,President Corner Suite Stunning View by KayStay,$700,10.775830269961965,106.71315613359964
223,-20% Fresh & Peaceful~Luxury 3BR Condo @Pool+Gym,"$2,486",10.7813668,106.6892362
224,Luxury 3BR 138m2 Riverside Opulence Panoramic CBD,"$1,218",10.776537173643453,106.71357193322552
225,Ray villa 04 is currently under maintenance,"$3,433",10.8071312,106.7297247
226,Ruby vila,"$2,436",10.79958,106.74075
227,Opera Saigon River Premium 3BR apartment,$833,10.7775414,106.7123553
228,Amavi VIP -Vinhome Stylist & Unique Penthouse 3BED,"$2,150",10.79394,106.72339
229,Luxurious villa in Lakeview city,"$1,972",10.793258309504443,106.77197340457268
230,D1 5star3BR +4Bed gym high-class pool nice view,$666,10.756649069113164,106.68870667907277
231,2BR Leman Premium Apartment Gym Pool,$825,10.778364,106.6893508
232,High Floor 3BR Corner Suite - Bitexco View,$685,10.7553575,106.6875242
233,"Thao Dien Luxury Pool Villa | 6BR, Jacuzzi, BBQ","$2,333",10.814075840591158,106.72837771475317
234,Chestnust Pool Villa ‚Ä¢ Billiards/BBQ ‚Ä¢ Central D2,"$1,583",10.793194,106.7438682
235,"Luxury Garden Villa | 6BR + 7Bed, Pool, KTV, BBQ","$1,861",10.792746,106.7447728
236,Super spacious 2 bedrooms/D1/pool/gym/Ben Thanh,$756,10.7689617,106.6970826
237,"President luxury apart @ Ben Thanh, Pool & Gym.",$737,10.7689617,106.6970826
238,Quiet City / 3BR + 3Bed / Skyline Infinity Pool,$750,10.75535264117106,106.68766412883996
239,LUXhouse - Tropical Villa/ 2 bedroom,$778,10.78929563856363,106.76719062030315
240,"2 beds whole city view Ben Thanh, D1, GYM-POOL",$803,10.76784,106.6963
241,Panoramic River View & Landmark 81 # The Crest 3BR,$810,10.77791,106.71496
242,1BR with Balcony_Washing Machine_Tan Dinh Market,$192,10.791317227162326,106.69364775272936
243,"Bathtub - 100""Projector  |¬∞¬§|¬∞ Ôº≥ÔΩÅÔΩâÔΩáÔΩèÔΩé Ôº®ÔΩâÔΩÑÔΩÖÔΩèÔΩïÔΩî@HCMC",$196,10.7708,106.69463
244,"The Opera 6* - 2BR+ 94m2, River & CBD Super View",$685,10.7775696,106.7126975
245,The Crest Residence luxury apt BRAND NEW in TOWN !,$709,10.7793264,106.712978
246,"P""m""P /No.2 : Ancient Shadow in Downtown",$264,10.764,106.69
247,Unique Dec√≥r Studio Hidden inside BeanThere Coffee,$339,10.762021,106.692406
248,Ben Thanh Tower Loft Penthouse panorama view,$794,10.76899242401123,106.69702911376952
249,NEW ! The Crest | Massive View | Near Central,$664,10.78062,106.71398
250,"P""m""P. 16 : Classic Annamite harmony * D1",$322,10.765681,106.688209
251,Landmark 81 panorama view 247  luxury service,$796,10.79627,106.72272
252,Maison villa Diamond,"$2,810",10.76656,106.75796
253,Maison Villa Tropical Garden Area,"$3,849",10.838236254350589,106.75078136316746
254,Vinhomes Grand Park - NOVEMBER.room,"$2,773",10.84416,106.83626
255,"Aspiration D1, 3Brs+2Wc, View City + River",$808,10.7665242,106.7000981
256,Birdy Home Saigon,"$3,765",10.83355,106.86076
257,The Stay Saigon - entire villa 10 rooms,"$4,131",10.81441,106.84164
258,3 Bedroom Apartment Landmark,"$4,630",10.7928793,106.7216655
259,4 bedroom sky villa*private pool,"$3,513",10.78023,106.69044
260,Condo 2 Beds Vincom Center Saigon View At D1.,"$1,148",10.7784233,106.7020468
261,Quiet in the city/3Br +3Bed/infinity pool on high,$773,10.754529439292352,106.68866064714354
262,"Villa D2, 4 bedrooms, karaoke","$3,302",10.804692716933769,106.7459671687708
263,"Villa 7PN, Karaoke, Billiards, BBQ, Private pool","$4,540",10.77175,106.76238
264,Top floor view/Executive suite/Quiet and comfortable - Free swimming pool,"$3,615",10.749806706653663,106.7231306797441
265,Villa 7 Bedroom pool Bbq Karaoke,"$3,478",10.79362,106.7454
266,"5Br PMH Luxury Villa Pool, BBQ, Retreat, Sauna","$2,740",10.71710038549126,106.73172581660056
267,Dung Villa 10,"$2,773",10.80254,106.736
268,Villa 7 bedroom Private BbQ Pool Karaoke,"$3,909",10.77157,106.76151
269,Vinhome 1PN Landmark Plus with Modern Furniture,"$2,951",10.79558,106.72029
270,Penthouse Private - 2 Swimming Pools - Gym Free,"$2,658",10.7823,106.68944
271,3BR- private elevator- The Opera,"$2,608",10.744018539584337,106.6978696957938
272,75%Off Free-PickUp Walk to BenThanh,"$2,684",10.77494,106.69609
273,ÂõõÂØùÂÆ§„ÄÇVincom Center Landmark 81,"$2,634",10.7952219,106.7217912
274,Luxury 4BR apartment with Swimming Pool,"$2,680",10.781349,106.6892575
275,Villa 4bedrooms + 1 extra room in D2,"$2,623",10.81212,106.73072
276,"Full Bright Flats | Lift | Fun, Balcony & Food","$4,502",10.768292742133385,106.69249203803544
277,"6BR 5WC, Villa An Khanh in D2","$2,627",10.786171520823071,106.72979242861584
278,Top Floor - River&Skyline View‚Ä¢Free Infinity Pool,"$3,456",10.76324,106.69952
279,-20% High Floor 4BR Duplex #Private Pool @FREE Gym,"$2,635",10.7813668,106.6892362
280,Vintage Studio in Heart D1-City View-Near buivien,"$2,684",10.76981,106.69273
281,FreePickUp Modern Room D1 Walk To BenThanh,"$2,785",10.77534,106.69611
282,Rustic Styled Little Saigon & Sunshine,"$3,293",10.76195,106.6995
283,Cozy Apartment  2 Bedroom 1 Bathroom- BABU' Home,"$3,684",10.756449824807314,106.6914775595069
284,Deluxe One Bedroom w Makeup Room,"$2,547",10.76204,106.69721
285,UC Apartment/14BR Modern House/Rooftop Pool/LIFT,"$3,472",10.766514912062789,106.68593024878706
286,Modern 2BR Apartment near CBD with Infinity pool,"$2,547",10.762636933116593,106.698814406991
287,Vietnam Superior Double | Madam Cuc Bui Vien,"$4,487",10.767686047158229,106.69478841788498
288,Emerald aparment 107,"$2,980",10.77873,106.68985
289,9 Modern Flats | Large Patio | Lift | 24/24 Access,"$2,888",10.77463,106.70318
290,Three adjacent rooms for group and family,"$2,766",10.77415,106.69765
291,Connect Villa - 6br with pool - Free Breakfast,"$4,289",10.78226,106.68983
292,Bluesky The Marq 6Br Connecting Gym Pool & Pickup,"$3,078",10.7876777,106.6989446
293,18 sleeper - Ben Thanh Tower,"$3,372",10.7689617,106.6970826
294,House is relax peace place,"$3,638",10.76289,106.68618
295,Victoria Vinhome Mansion ‚Ä¢ Central D1 ‚Ä¢ For VIP,"$3,820",10.785779159539691,106.71049140393734
296,"Gold View Apt, 2bedroom, 90m2, 7min to District 1","$2,951",10.756,106.69243
297,Scenic 14BR Building/Heart of Distr 1/Rooftop Pool,"$3,206",10.77608,106.70316
298,Luxury Sky Villas - Private pool - 3bedroom,"$2,563",10.781349,106.6892575
299,UC Apartment/14BR Villa/Sky Terrace/Pool/Elevator,"$3,472",10.765698219027454,106.6856368003732
300,UC Apartment - 10BR w 10BA - Azure Skydeck - LIFT,"$2,486",10.76508860711417,106.68579572068278
301,UC Apartment-13 Units-Saigon Centre-Rooftop Lagoon,"$3,245",10.76492073941678,106.6858806304148
302,Downtown Living | 13 Studios | 24/24 Access,"$3,156",10.7751,106.70348
303,Saigon Royal D4 3BR 14th floor D1*FREE PICKUP,"$5,843",10.76799,106.7042
304,"SaiGon The Tresor 2BR, Rooftop 14 , FREE KiCKUP","$5,837",10.76744,106.70406
305,UC Apartment-13 Rooms-Sky Jacuzzi-Elevator-Laundry,"$3,245",10.764999499687312,106.68707540312816
306,Two Bedroom Executive Suite,"$2,583",10.7725,106.7
307,Vinhome Landmark81 2BR 18th floor D1*FREE PICKUP,"$5,843",10.78329,106.70776
308,Vivianne Boutique Hotel B√πi Vi·ªán,"$5,908",10.7653405,106.6946529
309,Landmark plus ‚Ä¢ view fireworküéÜ,"$2,740",10.79504,106.72238
310,Maison Villa Dist.1 Karaoke,"$4,625",10.78636,106.71147
311,Heritage Suite - Lounge Access,"$2,911",10.77679,106.70382
312,"Downtown Stay | 13 Flats, Lift, Vibes, Lift & Pool","$4,157",10.766535333725177,106.69352895084704
313,"Apartment Vinhome Central Park 2BR , View City","$5,843",10.79279,106.71138
314,Save Budget 2Bedrooms-River & Sunny View,"$2,606",10.76343,106.69867
315,"Sai Gon Royal 2BR , LUXURY 5* , View Bitexco , D4","$5,849",10.76808,106.70409
316,Rarity 'Lusty Livin' Staycation Villa,"$4,122",10.8145947,106.7328396
317,2 BEDROOMS APARTMENT #DOWNTOWNAPARMENT,"$7,383",10.76274,106.69877
318,"Villa 6bedrooms, karaokerooms D2","$3,636",10.76514,106.75909
319,1BR/HCMC/SaiGon/Vinhomes Landmark81/VivianHome,"$2,647",10.79371,106.72129
320,Vinhome Landmark81 3BR 25th floor D1*FREE PICKUP,"$5,843",10.78024,106.70689
321,"Villa Harmony 9 bedrooms, pool, karaoke, billiards","$3,924",10.78026,106.7535
322,"Landmark 81 Bulding, Luxury !","$2,957",10.79547,106.72245
323,2BR Luxury & Spacious CBD Apt at The Tresor D4 !,"$3,220",10.76588,106.70292
324,Villa Vip In Great Location - Pool 200M2 Very Big,"$3,244",10.95346,106.87863
325,47%OFF - Thao Dien Elegant Villa,"$3,093",10.803973641112584,106.74509577592796
326,Luxury Lumiere 2BR - 5* luxury Stand,"$3,143",10.804087,106.7484443
327,"Apartment Vinhome Landmark81 , 3BR , LUXURY 5*","$5,843",10.78766,106.70897
328,Kevin‚Äôs Home Inside Landmark 81 building !,"$2,957",10.79415,106.72203
329,Kn8 Holiday,"$2,892",10.76389,106.75845
330,Classic pool villa. District 7. PhuMyHung,"$2,708",10.726975665988409,106.70979302376507
331,"New villa 5bedroom, Karaoke","$3,162",10.79412,106.7478
332,1BR/HCMC/Vinhomes Central Park/Vivian Homestay,"$2,645",10.79415,106.72156
333,Villa by The River in District 9,"$3,630",10.8354,106.86111
334,Limited Offer ‚Äì Luxury 3BR Villa with Private Pool,"$1,659",10.78215,106.68973
335,"Villa D2, 5bedrooms, 7beds","$2,602",10.81038,106.73032
336,Elegant Retreat | Duplex W Private Pool,"$1,261",10.7813668,106.6892362
337,‚ÄãCentral Thao Dien 10BR Villa |Large Swimming Pool,"$4,655",10.814336993293622,106.72815844416618
338,2BED-ROOM in Midtown,"$4,859",10.726421110834703,106.72826586138962
339,GreenHouse @28F‚Ä¢Amazing View‚Ä¢2 Bedrooms,"$3,506",10.76165,106.69987
340,Amazing 5* LUX SKY VILLA in Central by Ray.,"$2,087",10.761270242277735,106.70024699975929
341,6* Celestial RiverVilla: 4BR D1 180m¬≤ Sky Panorama,"$1,778",10.776294012407853,106.7120295369544
342,@4BR~Landmark81~Aparment Luxury@Free Pickup,"$3,329",10.79587,106.71833
343,Special Deal! 3BR Pool Villa | Perfect Fml Getaway,"$1,911",10.781349,106.6892575
344,Landmark 81 ‚Ä¢ Luxury 4BR Glass Curve Skyline View,"$1,407",10.79407,106.72181
345,ITDANG_Scat Villa,"$3,148",10.816485808535404,106.729499003566
346,4-bed Penthouse in D1 by Palace - Bitexco View,"$1,576",10.77996063232422,106.69573974609376
347,Elegant Retreat | High-floor 3BR w Private Pool,"$1,591",10.78061,106.6901
348,NearBuiVien/TropicalOutdoorBath/6BR-5WC/BigBalcony,"$1,336",10.7662873,106.6931079
349,Khu Trung S∆°n Q7 Villa/6BR /KTV/billiards/ BBQ,"$1,265",10.7337421,106.6923565
350,Discount Now‚Ä¢ Exclusive 4BR Villa with Pool ‚Ä¢,"$1,863",10.781349,106.689255
351,"Gardenia Villa-6BR. Karaoke,Billiards,Pool,BBQ","$1,969",10.78214,106.75213
352,Galleria ‚Ä¢ Private Lift Riverfront Residence,"$1,744",10.7695449,106.7141418
353,Serenity Escape ‚Äì Private Pool & Nature Views,"$1,940",10.789920502135637,106.72646929256348
354,Son&Henry Zenity THE PENTHouse District 1 - 3B2003,"$1,553",10.7553575,106.6875242
355,Gorgeous Grand 1000m2Villa by Ray/private Pool&BBQ,"$1,936",10.80977,106.75177
356,D1_Exclusive  Zenity PENTHOUSE*4BRs_Pool/Gym/BBQ,"$1,581",10.7559986,106.687524
357,White Senerity Escape | Private Pool ‚Ä¢ KTV ‚Ä¢ BBQ,"$1,581",10.793014100072728,106.7439398073526
358,Senerity Sky Villa ‚Ä¢ Best CBD View ‚Ä¢ Pool & Gym,"$1,515",10.780436369746592,106.71487533254434
359,Elegant Retreat | High-floor Duplex Private Pool,"$1,234",10.780277109404372,106.690130604594
360,BIG PROMO - 4Br Luxury Apartment Landmark 81,"$1,883",10.798580457117522,106.72099086463872
361,Short term apartment 2pn 2wc full,"$5,855",10.71737,106.70407
362,"6* Opera SkyVilla 4Br Prime central, number 1 view","$1,780",10.77674,106.71156
363,SaiGon Royal 3BR  15th floor D4*FREE PICKUP,"$5,843",10.76774,106.70286
364,Vinhome Landmark81 3BR 16th floor *FREE PICKUP,"$5,843",10.78124,106.70576
365,Vinhome Landmar 5 3BR 33th floor D1*FREE PICKUP,"$5,843",10.78129,106.70863
366,Specialized in short and long term rentals,"$5,855",10.79652,106.72136
367,Airport Studio Apartment,"$6,826",10.81571,106.6719
368,Airport View Apartment,"$6,821",10.81565,106.669
369,Opera Metropole Duplex 3BR with a Garden Balcony,"$1,650",10.76393280631458,106.69229364778664
370,"Maison Villa 6BR. Karaoke, Billiards, Pool, BBQ","$1,318",10.791753407689328,106.74307195081848
371,"Apartment Vinhome CenTral Park 2BR City View,LM81","$5,843",10.79273,106.71064
372,TWO High Floor Luxury 5BR - Bitexco & River View,"$1,515",10.755061988774017,106.68724360399176
373,@Luxury 4BR Landmark81~River&Park View~Free Pickup,"$2,274",10.79665,106.72154
374,"Apartment Sunwah pearl 2BR , Luxury interior 5*","$5,843",10.78859,106.71793
375,Saigon Pearl*3BDR*Infinity Pool,"$5,730",10.78516,106.70436
376,Metropole Sky Villa | Stunning View| Near Central,"$1,865",10.778873740092402,106.71278414655764
377,"Apartment Empire city ThuThiem 3BR , River view D2","$5,843",10.7721,106.70682
378,"Arrivals Hotel,Combo for 10 people ,Center1 Quan 1","$5,843",10.76328,106.69652
379,Be like home,"$5,855",10.6898867,106.5841962
380,2BR Apt_5mins to BenThanh_Free Infinity Pool & Gym,"$7,459",10.76446,106.69927
381,3BedRoom in Scenic Valley District 7,"$5,269",10.73042,106.71793
382,5Br TML Luxury Villa Pool Billards Retreat,"$2,740",10.7661748,106.7573487
383,Luxury Sky Villas 4br - With private pool&KTV,"$2,680",10.781349,106.6892575
384,Beautiful but cheap apartment for family/sharing,"$5,269",10.80352,106.74932
385,2BR Rivergate@Free Gym & Pool@ 5 mins to Ben Thanh,"$5,698",10.7619,106.69912
386,"Apartment Vinhome Landmark 81 2BR , City View 5*","$5,851",10.795524,106.7192
387,Vinhome Landmark81 2BR 27th floor D1 FREE PICKUP,"$5,837",10.78183,106.70774
388,Apartment for rent at Pearl Plaza,"$7,025",10.80109,106.71734
389,Vietnam Standard Double | Madam Cuc Bui Vien,"$3,543",10.766546425236909,106.69450659778084
390,The Rixx Combo 2x3 bedrooms apartment/pool/gym/fun,"$1,420",10.7544,106.68773
391,NEW | 6BRs 7beds for large group *centre Dist.1,"$1,237",10.7638109,106.6961029
392,„Äê4BR LM81 Limited Suite„Äë- Panorama View„ÄêFree Pick„Äë,"$1,819",10.79555,106.72298
393,"Liora Villa - 5Brs. Karaoke, Billiards, Pool, BBQ","$1,343",10.7935216,106.7308195
394,6BRs 5* Luxury Apt at Dist 1 | Pick-up*pool*sim,"$1,714",10.75461,106.68636
395,"Apartment Treasor D4 , 2BR , Free Gym , pool 5*","$5,843",10.76818,106.70277
396,LV Phu My Hung - Prv Japanese bath & sauna 5 BR,"$1,550",10.71561,106.73075
397,TWO High-floor Luxury 6BR for Group Stays,"$1,730",10.7553575,106.6875242
398,Advanced Gold Riveter,"$8,196",10.78783,106.71194
399,3BR Pool Villa Retreat ‚Äì Great Price Today!,"$1,797",10.78208,106.68971
400,6BR Villa ¬§ Free Pickup ‚Ä¢ BBQ area + City Center!,"$1,487",10.78736,106.71818
401,Family-Friendly 5BR Villa _Garden Thao Dien Saigon,"$1,412",10.8094689,106.7257079
402,TrueStay Escape | KTV/Billiards/BBQ in Central D2,"$1,296",10.7781653,106.7496134
403,Viviane Bui Vien Hotel,"$5,855",10.76534,106.69465
404,The Crest | Panoramic Landmarks View | Pool & Gym,$864,10.77989,106.71154
405,"Sky view, imperial loft penthouse, balcony, pool",$814,10.7689617,106.6970826
406,New! Ben Thanh Luxe Retreat‚Äì4BR Complex Central D1,"$1,315",10.77229,106.69656
407,The Rixx Downtown Apartment@D1/pool/gym/Operahouse,"$1,438",10.77718,106.70392
408,"3BR Luxury Stay | Rooftop Pool, Gym & City Lights",$714,10.756211256257451,106.687881784237
409,Charming 7BR Villa with private pool and sauna.,"$1,973",10.781004855273435,106.75286960489348
410,"Panoramic apartment, pool/ gym city view",$832,10.7689617,106.6970826
411,Landmark 81 Panorama view* Luxury Service*Spacious,$705,10.795541680782907,106.71916835010052
412,Masterpiece/5 stars/at Bui Vien/3brs+3bed/gym/pool,$692,10.756211774426706,106.6885606046639
413,Private & Stunning Sky Garden in 4BR Penthouse,"$1,186",10.7789516,106.7131928
414,4bed Villas  Luxurious  Free Pickup/ Gym Sauna,"$2,239",10.781349,106.6892575
415,"Serenity Villa-6Brs. Karaoke,Pool,BBQ, Golf course","$1,428",10.784058511322932,106.75232612390978
416,Family Retreat in TWO apartments w Rooftop Pool,"$1,840",10.7796631,106.6955005
417,Luxury Villa Stay by the Saigon River in Central,"$1,944",10.7885315,106.7194181
418,5BR Villa with pool 400m2 10 minutes to Landmark81,"$2,225",10.79141,106.73681
419,High-end 5 ensuite bedrooms house D1*center Bui Vien,"$1,455",10.765972198962556,106.6908247768879
420,SaigonCharming Luxury Penthouse by Ray/4 beds+2/5*,"$1,903",10.80084,106.74759
421,Saigon Riverside Eco - Retreat - 4 BR,"$2,274",10.83311,106.85931
422,"Duplex Apartment _Opera, Metropole","$2,316",10.776495015400352,106.71310822416652
423,Family retreat 8BR-D1_4p Pizza_Hadilao_Free Pool,"$1,909",10.754478382038364,106.68779556522423
424,Big group 8 BRs in Leman Central Dist 3 Sky Pool,"$2,152",10.777962696680222,106.69005935581968
425,TWO Spacious Suites next to the Palace in D1,"$2,002",10.7804,106.69538
426,Lux 5Brs Condos/Madison Tower/JP Town-Center-D1,"$2,129",10.7783124,106.7041839
427,Opera VIP 4 bedrooms District 2,"$1,624",10.76367200198348,106.69338941741871
428,"Morning villa, Morning villa","$2,323",10.81228261200694,106.7314141178604
429,Landmark 81 luxury 4 bedrooms,"$2,047",10.794670441420545,106.72231814365142
430,With pool in Thao Dien D2,"$1,915",10.81311,106.72694
431,TWO Penthouse Apartments for Group and Family,"$2,170",10.7798794,106.6957281
432,The Rixx Combo/group of 12+@Madison/D1/JapanTown,"$2,377",10.77742,106.70441
433,Central Entire Villa in Saigon-Big for Family&Work,"$1,864",10.78616,106.69766
434,Metropole luxury garden apartment _4BR,"$2,367",10.77947,106.71381
435,GRAND 6BR 500m¬≤ SKY VILLA for wonderful trip/byRAY,"$2,686",10.806462325241537,106.7510998069237
436,Zenity Premium 3BR+4 Beds/Pool/ City Skyline View,"$1,924",10.75656,106.68692
437,Luxury 4BR apartment with Swimming Pool,"$2,418",10.781349,106.6892575
438,@Landmark81 Luxury 4BR~View River&Park,"$2,274",10.79193,106.72205
439,The Rixx Combo 3x3bedrooms/D1/kid/pool/gym/Netflix,"$2,049",10.76594,106.70088
440,City skyline at dawn-Penthouse The One SaiGon 197,$709,10.77008,106.69811
441,Luxurious Grand 6BR Villa for wonderful trip.,"$2,979",10.81234,106.73021
442,"Fairy Tales Fortress with Pool, Gym, Golf, Tennis.","$2,729",10.65657,106.72287
443,Modern 5BR Pool Villa - Garden Oasis in Thao Dien,"$3,740",10.794401055394117,106.7323689261322
444,Center Villa/6BR + 7Bed/Pool/karaoke/billiards,"$2,570",10.796372,106.7432362
445,Highview Villas with Private Pool - 3bedroom,"$2,073",10.781349,106.6892575
446,HCM Cheongdam Villa 01,"$2,763",10.834507249120351,106.7899035233
447,Kajsen - The Azure Large Pool/Garden,"$3,167",10.89891,106.85898
448,Charming Villa in Saigon/5star/Great for Groups,"$2,823",10.80087,106.7287
449,KN2 Holiday Villa With Private pool & sauna,"$2,211",10.806431,106.7499161
450,ITDANG_Bebob Villa,"$2,688",10.779722666909922,106.74935371007096
451,Glamorous VILLA w pool/LotteMart/cinema @BienHoa,"$2,682",10.95466,106.87725
452,"monopoly, luxurious, 6Brs+8Bed , Pool, Gym View","$2,278",10.75627,106.68659
453,3Brs+3Bed  Cinema Mall View River Park Near Lm81,"$2,828",10.79552,106.7192
454,POOL VILLA near LongThanh golf court & Amazing Bay,"$2,581",10.95313,106.87732
455,KN5 Holiday Villa Big Yard Private Pool District 2,"$2,481",10.808317,106.750993
456,Pool Villa Th·∫£o ƒêi·ªÅn 5brs District 2,"$2,721",10.81347,106.72894
457,Elegant 5BR Villa with Pool & Hot Tub-Palm City,"$3,385",10.79169,106.75944
458,2 Super king size! Luxury apartment with extra bed,$689,10.77287,106.69579
459,Luxury Villa in HCMC,"$2,805",10.824261932474515,106.71954606981144
460,KN5 Holiday Villa Big Yard Private Pool District 2,"$2,461",10.808282209520556,106.7510604033048
461,Zeus Living - Oasis Villa,"$2,824",10.80639,106.74276
462,Kn8 Holiday,"$2,892",10.76308,106.75906
463,Park Hyatt nearby / 5-star Center Madison by Ray,$723,10.77767,106.70329
464,Skyline view/2br+3bed+2wc/Pool/Gym/BBQ/Garden/D3,$722,10.7886708,106.6854708
465,Sunrise Loft Penthouse - Ben Thanh Tower,$721,10.768793106079102,106.69725036621094
466,L√† Home Queen near Chinatown & Bui Vien Street,$636,10.75718,106.67978
467,"Modern 2BR 3BED Apartment Pool, Gym, city center","$1,043",10.7553526,106.6876641
468,"Japanese pool villa, Japan Villa","$2,791",10.786902574816184,106.76367528465578
469,Penthouse Duplex in District 1 - Pool & Gym,"$1,116",10.7553575,106.6875242
470,KN Holiday Villa swimming pool District,"$2,706",10.8078,106.75463
471,"Landmark 81 panaromic view, lux",$705,10.79345,106.72197
472,4BR Condo @Landmark81- Pick up + Pool,"$2,274",10.7948,106.71872
473,Front River CBD SkyVilla 6* 3Br 137m2 by ChiHome,"$1,195",10.777116715755035,106.71227172017096
474,"The Saigon Escape: Modern 3BR, Central & Serene","$1,437",10.770013,106.6934506
475,Ben Thanh Tower Amazing View 3BR APT Pool Gym Free,"$1,525",10.76851,106.69653
476,Stay Together | 5BRs/4BA on Same Floor for Groups,"$1,505",10.76212091331285,106.69977271100586
477,6BR near Ben Thanh Market! Luxury Free Pool & Gym,"$1,479",10.7553575,106.6875242
478,NEW entire 6BRs with attached 6WCs*centre*Bui Vien,"$1,357",10.7660734,106.6933469
479,OFF 20% | 5BRs_2 units_Luxury D1,"$1,501",10.75438250913368,106.68818640854226
480,Front RiverView CBD Luxury 6* 4Br 170m2 by chiHome,"$1,435",10.77793,106.71251
481,The Rixx Combo Studio@ Lancaster,"$1,511",10.78106,106.70399
482,4beds 4baths super central @ D1/Netflix/gym/pool,"$1,523",10.7788,106.70316
483,The Rixx Iconic Apartment @ D1/pool/gym/Netflix,"$1,452",10.78783,106.70001
484,"The Saigon Escape: Modern 4BR, Central & Serene","$1,424",10.770188,106.6931747
485,The Metropole Galleria Thu Thiem 4BR Duplex,"$1,456",10.77776,106.71381
486,Deluxe Double Window,"$1,308",10.7821207,106.7045525
487,5BR (2+3) Ben Thanh Market | Pool & Gym | Dist. 1,"$1,232",10.75485,106.68864
488,The Opera 3Br 6-star furniture,"$1,276",10.77864006121155,106.71127294890611
489,Japanese Studios 4BDRM near Downtown by Circadian,"$1,586",10.78625,106.703
490,Metropole Apartment _3 Br,"$1,492",10.77831986917822,106.71146792973693
491,Side by Side‚Ä¢ 32nd Fl ‚Ä¢ 5BR | 7 Beds ‚Ä¢ Central D1,"$1,347",10.76272,106.69532
492,4BR Luxe 6* Condos/Free Pool/Airport,"$1,281",10.7553575,106.6875242
493,"The Opera 3BR apartment, Exceptional Fireworks View","$1,394",10.77679,106.71271
494,5Brs High-end 5* Condo D1/Pool/Jaccuzi,"$1,400",10.75471,106.687
495,The Rixx Masterpiece Apartment@Vincom/Opera House,"$1,523",10.77885,106.70481
496,Villa 7bedroom Pool Bbq karaoke,"$3,909",10.79726,106.72901
497,Kn1 Holiday Villa,"$4,388",10.81435,106.72853
498,Villa 9bedroom Bbq Pool Karaoke,"$4,481",10.77943,106.75382
499,Chic Boutique Stay with Balcony and Sunlight,$178,10.8003561,106.694634
500,Luxe 8BR RAYVilla/Perfect choice for Groups/3000m2,"$3,833",10.713135951474188,106.80083992718782
501,Villa Thao Dien Center 6 Rooms | Wide Playground,"$4,356",10.8060725,106.7276438
502,Best Condo with Riverfront Luxury & Skyline Views,"$4,672",10.79425,106.72171
503,Sunny 1-Bdr Apt | Canal View | Peaceful Retreat,$262,10.796192,106.6852857
504,"P""m""P/No.5: Rooftop secret house * city central",$305,10.7633,106.68897
505,Pool Villa 6 bedrooms Thao Dien HCM,"$3,986",10.8065609,106.7276879
506,"BRAND NEW, Studio 2, Balcony, Sky pool, Sauna, Gym",$299,10.7532012,106.6929863
507,Kn Holiday Villa 2,"$4,434",10.8134,106.72957
508,Room filled with sunlight,"$3,842",10.73562,106.70487
509,Luxury Villa 7Bedroom Pool Karaoke BBQ,"$4,018",10.7971,106.74345
510,Pool Villa Th·∫£o ƒêi·ªÅn 10 Brs,"$4,038",10.8138534,106.7278206
511,Villa 10Bedroom Pool Bbq Gym Karaoke Sauna,"$4,989",10.7889,106.75263
512,"Villa with karaoke, bbq, swimming pool in Thu Duc","$4,002",10.79594652452256,106.74372678060725
513,Modern 7Bedroom Villa Pool BBQ,"$3,909",10.797136403870336,106.7423297453099
514,3BR Retreat with Pool & Gym - District 1,$708,10.7553575,106.6875242
515,NEW President Corner Suite - CBD - Amazing View,$769,10.77740335163978,106.71301258115297
516,Villa 7bedroom BBQ Pool Karaoke,"$3,909",10.79714,106.74284
517,"Sunrise city vievv, qu·∫≠n 7, Saigon","$4,100",10.74665,106.70202
518,Comfy -Loftpenthouse by The One Sai Gon,$650,10.768793106079102,106.69725036621094
519,Lovely  loft The One Sai Gon - Ben Thanh Tower 914,$639,10.768816,106.6970794
520,Villa with a super nice pool in Thu Duc,"$3,890",10.7979413,106.7298794
521,Penthouse Suite with Rooftop Pool & Gym in D1,$774,10.7796631,106.6955005
522,2 pax,"$1,308",10.7821207,106.7045525
523,"ins style, projection","$4,057",10.73619,106.62093
524,4Bedrooms - D1 Ben Thanh MK/BuiVien walking street,"$1,428",10.7672719,106.6901385
525,The Crest 3BR Skyline Serenity | Pool & Gym,$887,10.78026,106.71406
526,-20% Luxury 2bedroom Duplex #Pool+Gym @District 3,"$1,515",10.7813668,106.6892362
527,Serenity -  Sky Villas 3 Bedroom,"$1,478",10.781349,106.6892575
528,MARCHroom - Vinhomes Grand Park,"$2,687",10.83878909517113,106.83299325406551
529,"Sunrise city view, Entire Apartment in District 7","$2,636",10.715159536624853,106.73974122852088
530,The Opera 3Br 145m2 Luxury 6* view CBD by chiHome,$897,10.777446407157113,106.71259123831987
531,"Villa 4 bedrooms Himlam, D7","$2,761",10.74168,106.69997
532,92 Ben Thanh Spacious Shiny 3BR APT Pool Gym Free,"$1,303",10.76926,106.69649
533,„ÄêLimited 4BR LM81 SUITE „Äë-„ÄêPanorama View„ÄëFree Pick,"$1,786",10.7962,106.72124
534,Luxurious SkyVilla/PerfectforGroup/4Bed+1Riverview,"$1,650",10.80175,106.73719
535,Best Location | TrueKing @ Cozinema | Lift Access,"$1,856",10.7818011,106.7600385
536,4beds3baths@ VinhomesCentralPark,"$1,746",10.7926976,106.7227275
537,„ÄêLM81-4BR Limited„Äë„ÄêHighFloor Panorama„Äë„ÄêFree Pick„Äë,"$1,691",10.79392,106.7215
538,Lovely 4BR Penthouse/Perfect for Groups/600m2/.,"$1,640",10.812066399629789,106.73303609130274
539,Condo 3 Beds Vincom Center Saigon View At D 1.,"$1,590",10.7781382,106.7018186
540,"Villa Luxury, Private Pool, Cheap","$1,592",10.782458603783285,106.74784954637288
541,Serenity - Sky Villas 3 Bedroom - 603,"$1,762",10.781349,106.6892575
542,Zenity Capitaland D1:6BR Executive Stay/Pool/View,"$1,619",10.7559986,106.687524
543,Luxury Villas & Private Pool 3BR - Free breakfast,"$2,563",10.781349,106.6892575
544,"Oasis in D1 Luxurious,3BR+4Bed Pool walking street","$1,599",10.755870157212051,106.68831793839831
545,"4BR Luxury | Private Lift, Pool, Family-Friendly","$1,957",10.81184,106.73354
546,"Nice view, near Center for Big Group","$2,102",10.76161,106.69794
547,Villa 7Brs - Mineral salt pool - Relax and Healing,"$2,683",10.79439,106.78326
548,Villa 4 BRS 4 Private WC - Private Pool - D2,"$2,714",10.843536802728662,106.75018529461876
549,"Retro Villa-6BR. Karaoke, Billiards,  Pool, BBQ","$1,716",10.7988284,106.7438186
550,6BR City Center Zenity with River View | Free Pool,"$1,607",10.75681226710308,106.68795565997422
551,Saigon1984 Vintage Home Central¬†District 6bedrooms,"$1,571",10.76056,106.6918
552,Bitexco&River View *Best Mattress* King&Queen Bed,"$2,292",10.76223,106.69776
553,Luxurious Apartment - Saigon River Panoramic View,"$1,848",10.7785078,106.7129829
554,Private Villa /Pool Party /Karaoke /BBQ,"$1,782",10.81039,106.73084
555,T&T Room and Apartment,"$2,331",10.79322,106.70048
556,Family Stay/7 Units/Elevator/Terrace/Lagoon/Caf√©,"$1,969",10.77506,106.70375
557,Expansive District 1 Residence,"$1,640",10.75726,106.6875
558,Penthopuse Quƒõn 2,"$2,951",10.79752,106.73859
559,Tao Dien Pool Villa 5ROOM,"$2,401",10.81268,106.73151
560,D1 Adventure Base:Zenity 7BR for Groups(Pool &Gym),"$1,731",10.7553575,106.6875242
561,Super Deluxe 2 Bedrooms Apartment,"$2,292",10.7621,106.6996
562,UC Apartment/9 Rooms/Infinity Pool/Prime View/LIFT,"$2,296",10.76480059285438,106.68764945125407
563,OMG View 3Beds Full Sunshine Balcony @21F,"$2,292",10.76234,106.69773
564,VIP Pool Villa Premium Pool Villa 1157,"$2,436",10.807156045297642,106.72794420272112
565,Modern Studio Apartment in D2,"$2,274",10.77805,106.7569
566,Private Bedroom‚Ä¢BlazingWifi/Netflix‚Ä¢Rooftop Pool,"$2,329",10.76309707498872,106.69850662350656
567,"Nice view, nice room big space","$2,120",10.76223,106.69773
568,"6 Bedroom Villa, Billiards ‚Äì BBQ, Pool","$3,130",10.79649,106.74357
569,Family Suite w/7 Bedrooms + Kitchenette/LIFT+Pool,"$1,965",10.7658,106.69238
570,UC Apartment/8 separate units/Shared rooftop/D1,"$2,011",10.764350318521275,106.6855784424196
571,Villa Paris 86 - 86 Group,"$1,978",10.7240507,106.70918652432862
572,UC Apartment/8 Flats/Terrace Oasis/LIFT/District 1,"$2,011",10.766195396307706,106.68694989510097
573,CƒÉn h·ªô 4PN Landmark 81 Vinhomes Central Park,"$2,136",10.79524958702136,106.72199199737548
574,Separate 01Bedroom‚Ä¢ Balcony‚Ä¢Minutes Drive to Dis1,"$2,374",10.76191,106.69905
575,Penthouse Private Swimming Pool,"$2,248",10.7541162,106.6819512
576,Premium Deluxe with The Nest (King),"$2,001",10.77442,106.69982
577,Points D1/3BR/City-SkyView,"$2,038",10.77772,106.70491
578,Villa 188 -86 Group,"$2,288",10.815348020879506,106.72998118769684
579,"7 Units/Swim, Sun & Stay|Rooftop Pool Access/LIFT","$1,956",10.77481,106.70314
580,3BR 2 Bath apartment with view,"$1,933",10.766057507777932,106.70311130583286
581,"Gem Villa 2 - 5 Bedrooms, 5 Bathrooms, Large Pool","$2,001",10.83328,106.71264
582,Maison Villa Orchid Ph√∫ M·∫£ H∆∞ng,"$2,301",10.71887,106.73384
583,Gem Villa 39 - 6Bdr - Pool - Garden - Cozy,"$2,256",10.81145,106.73381
584,"Gem Villa 3, 6 bedrooms, 7 beds, 6 bathrooms, billiards, swimming pool","$2,445",10.7661457,106.7573979
585,15$StandardRoom Walk To BenThanh,"$2,243",10.77394,106.69744
586,One-Bedroom Apartment for Rent +,"$2,047",10.8648762,106.6647812
587,7 Cozy Apartments | Balcony | Lift & Laundry,"$1,947",10.770997646016337,106.6977155705958
588,‰∏âÂØùÂÆ§„ÄÇ3BR„ÄÅVinhomes Landmark 81,"$2,161",10.7951119,106.722096
589,"Gem Villa 15, large 8 bedroom villa, large pool","$2,456",10.80645,106.73277
590,Landmark 81*Sky View~Bathup  4BR * Gym&Pool,"$2,274",10.79437,106.71991
591,Double Penhouse 86 &Pool Private,"$2,092",10.754429666375648,106.68112839670428
592,4BR Landmark 81 Luxury Saigon river view - vivian,"$1,933",10.79649,106.71867
593,7 Chic Units-Elevator-Sky Lagoon-Free Laundry-Cafe,"$1,956",10.773465163749972,106.70457415651056
594,Bigdeal Family Room Walk To BenThanh,"$2,259",10.77485,106.69701
595,ÂõõÂØùÂÆ§„ÄÇ4BR„ÄÅVinhomes Landmark,"$2,342",10.7951119,106.722096
596,The whole private 5BR pool villa is yours,"$1,412",10.7823733,106.7477746
597,YELLOW FANCY 3 BEDS/FREE POOL+ GYM,"$2,274",10.76167,106.69977
598,New luxury villa for rent at Riviera District 2,"$2,274",10.80771,106.74933
599,Luxury 4BR Apt in Landmark 81,"$2,034",10.7954,106.7226
600,The Rixx Glamorous Family@Korean Town Phu My Hung,"$1,365",10.727630220641364,106.7086711898446
601,CƒÉn h·ªô 4PN Landmark 81 Vinhomes Central Park,"$2,140",10.79141,106.72257
602,Penthouse An Thinh,"$2,401",10.79749,106.73943
603,Elegant 3BR Retreat in The Opera,"$1,285",10.776486536859911,106.7132305545232
604,"5 bedroom for Group, Millenium 5mins to center","$1,324",10.76355,106.69878
605,Charming hotel with 3-bedrooms and swimming pool.,"$2,365",10.7722461,106.7133934
606,Gem Villa 10 - 5 Big Bedroom Big Pool Big Garden,"$2,456",10.803379067300886,106.73551823600678
607,"City Central Apt 5BRs 5Beds,2 Livings rooms D1","$1,513",10.745588369882396,106.65316715767212
608,5 APT | Pool | Kitchen | Lift | Free Laundry,"$1,392",10.77567,106.70219
609,CƒÉn 4PN view s√¥ng Landmark 81 Vinhome Central Park,"$2,140",10.79451,106.72105
610,Luxury condo_5bed5bath @dist1,"$1,492",10.7876777,106.6989446
611,2 Condos - 6bedrooms/14 guests @D1 *free* POOL&GYM,"$1,363",10.7553575,106.6875242
612,Diamond Island Luxury Residences,"$2,047",10.7778123,106.7467824
613,Luxury Sky Villas 4br - With private pool&KTV,"$2,418",10.781349,106.6892575
614,Premium Suites for vacations and business trip,"$1,933",10.7955416,106.7191682
615,Entire house 7 rooms 8 Baths in center Sai Gon,"$2,278",10.7589751,106.6884104
616,Luxury Villas & Private Pool 3BR - Free breakfast,"$2,300",10.781349,106.6892575
617,Apt river view in city center,"$2,342",10.777703632194788,106.71456165611744
618,Luxury 4BR Apt/Best Viet at L81,"$2,160",10.79747,106.72069
619,KN5 Holiday Villa big yard & pool. Karaoke,"$2,216",10.82881,106.76334
620,Double Penhouse 86 - 2 Pool Private - Central City,"$2,133",10.753940821039684,106.68364181219484
621,DANNY INDOCHINA SPECIAL 3BR APT CBD. FREE GYM POOL,"$2,245",10.76484,106.6988
622,JANUARYroom -Vinhomes Grand Park,"$2,219",10.84352,106.84007
623,"GroupStay | 3x3Brs Units,Sleeps 21+,Prime Location","$2,166",10.76337672544879,106.6992569339667
624,CƒÉn h·ªô 1pn midtown - Free pick up airport,"$2,283",10.7257,106.72803
625,1 bedrooms Peaceful River View in Saigon,"$2,211",10.7986325,106.7420107
626,16 sleeper getaway home,"$2,401",10.7689617,106.6970826
627,#Landmark81 - 4 bedrooms - Vinhome - HCM city,"$1,937",10.79372,106.72261
628,"Entire villa with pool, 5BR, BBQ","$2,047",10.841649440021172,106.72634979629518
629,The Rixx Homestay Ben Thanh Market - style and fun,"$2,213",10.7740034,106.6971303
630,Luxury 4-bedroom @Landmark81 #Amazing City View,"$1,933",10.7955236,106.7192025
631,Ben Thanh Tower Bitexco View Spacious 3BR Pool Gym,"$1,937",10.76974,106.69624
632,Cozy Condo @Metropole near Downtown | Gym & Pool,"$2,274",10.779063451588003,106.71326411588174
633,Best view 4BR Villas & Private Pool,"$2,277",10.781349,106.6892575
634,"full of light, very quiet and private","$2,017",10.766742706298828,106.68457794189452
635,Urban Luxury Loft | Rooftop Pool & Cozy Stay,"$2,001",10.77635,106.70185
636,1 Bedroom Apartment Landmark,"$2,321",10.79395,106.72144
637,Full Carpet Apartment with Balcony - 3Bedroom,"$2,300",10.781349,106.6892575
638,9 Ensuite Stays-Skyview Infinity Pool-Elevator-D1,"$2,069",10.77424,106.70355
639,The metropole Opera - vip 4 BR - best view - D2,"$2,183",10.77935,106.71355
640,Sleek Luxury Studio | Near SECC & Caf√©s,"$1,877",10.727655158196564,106.70580849231789
641,APRILroom- Vinhomes Grand Park,"$2,219",10.84827,106.84495
642,villa d7,"$2,161",10.6799629696578,106.73192585986082
643,Penthouse 86 - Pool Private - H·ªì Ch√≠ Minh,"$2,297",10.75456,106.68121
644,2023 NEW 6BR Heritage Saigon House in City Center,"$2,070",10.78532,106.69753
645,"May Villa luxury district 2,  with pool.","$2,379",10.814687418048036,106.73362043215069
646,KN2 Holiday Villa Sauna & Private Pool,"$2,209",10.806373037842022,106.7499536509262
647,@Landmark 81~4BR~Luxury & View $,"$2,044",10.79509,106.72216
648,Luxury Sky Villas - Private pool - 3bedroom,"$2,286",10.781349,106.6892575
649,DANNY's 03 Bedrooms CBD Bitexco,"$2,154",10.76901,106.70249
650,-20% Elegant 3BR Duplex #Spacious to Relax #Center,"$2,304",10.7813668,106.6892362
651,Riverside French Villa,"$2,208",10.9066530160632,106.69292762875556
652,8BR_Saigon Explorer's Dream: Prime D1 Apt w/Pool,"$2,100",10.7553575,106.6875242
653,"Garden pool villa. Thao Dien , District 2","$2,431",10.809505968329,106.73196705935057
654,Zenity 9BR | Big Group D1 City Center,"$2,092",10.754219052103638,106.68863550034575
655,Vietnam's tallest building for groups and families,"$2,132",10.795011800560644,106.72207139705176
656,KN Holiday Villa with private pool in District 2,"$2,187",10.8082,106.75514
657,The Crest Duplex 4 Bedrooms 4WC - 3 Private Toilet,"$2,079",10.77946,106.71403
658,"Lumiere 3BR Family Condo |  Infinity pool, gym","$1,850",10.803711565245056,106.74867499619722
659,Senerity Villa in Heart of D2,"$2,244",10.78842,106.72816
660,City View 3br apartment with private pool,"$2,342",10.781349,106.6892575
661,Terra Royal 5-star Condo for rent- District 3,"$1,966",10.78981,106.68637
662,Best view 4BR Villas & Private Pool,"$2,144",10.78092,106.6888
663,8 Studios/Skyline Oasis/Elevator/24H Staff/Centre,"$2,224",10.76556832964612,106.6859937792646
664,2 Bedroom Apartment Landmark,"$2,321",10.7928793,106.7216655
665,KN Holiday Villa With private pool & Karaoke,"$2,254",10.8088731,106.7549492
666,KN2 Holiday Villa with private pool & sauna,"$2,159",10.80726,106.75048
667,Maison Villa Palm City,"$2,001",10.7905388935772,106.81829676032066
668,KN Holiday Villa big private pool + karaoke,"$2,027",10.809287974153234,106.75426537711674
669,*Sky Villas 3 Bedroom*Swimming Pool Indoor - 1403,"$1,933",10.781349,106.6892575
670,Luxury penthouse _ indoor pool,"$2,388",10.78067,106.69014
671,4BR Ben Thanh Market Zenity Luxury | Pool Gym,"$2,032",10.75711800237375,106.68780322651416
672,Landmark 81 4br luxurious apt,"$2,119",10.79435,106.72113
673,Metropole Galleria Apartment 4 bedrooms,"$2,427",10.7770559,106.7132932
674,"4BR, 3WC LM 81, Vinhome Tan Cang","$2,006",10.79482,106.7216
675,*Landmark 81*5BR Combo 2 Unit*Free Airport Pickup*,"$2,073",10.79479,106.72272
676,KN Holiday Villa With Big Outdoor Pool,"$2,272",10.80889,106.75579
677,-20% High-Class 3BR Duplex @Nature Harmony #Center,"$2,304",10.7813668,106.6892362
678,20%OFF 8 Bedroom (2+3+3) in City Center - Pool Gym,"$2,474",10.7559986,106.687524
679,Stylish Suite with Rooftop Pool & Gym in D1,$930,10.7796631,106.6955005
680,*Landmark 81*6BR Combo 2 Unit*Free Airport Pickup*,"$2,284",10.79537,106.72306
681,CREST | President Corner 3Brs Suite | River Front,"$1,106",10.77897,106.71243
682,Bitexco Executive Suite|LUX Metro Benthanh Market,"$1,002",10.77086355098293,106.7002469517332
683,@D1_BenThanhMarket_Vintage Style,"$2,093",10.772360772255812,106.69616007588452
684,Penthouse 2 King Beds next to Independence Palace,"$1,150",10.77988,106.69573
685,14 bedrooms 14 baths BIG House at Bui Vien,"$2,430",10.7695,106.6924
686,"9BR in D1:Modern Apts,Pool& Ideal for Colleagues","$2,259",10.7553575,106.6875242
687,KN2 Holiday Villa With Sauna + Private Pool,"$2,204",10.806367768554374,106.74996437976226
688,Son&Henry Zenity The Penthouse District 1 - 3B2010,"$1,110",10.7553575,106.6875242
689,KN8 Holiday Villa with mini pool,"$1,213",10.76412,106.75867
690,"HOT | 5BRs 4baths house walk to Bui Vien, BenThanh","$1,082",10.7649142,106.6956192
691,Scandi-Modern 3BR+2WC | District 1 | 5 min Bui Vien,$971,10.7636913,106.6946027
692,River View CBD Level 1x 77m2 2Br Opera by ChiHome,"$1,220",10.777303786882092,106.7122871428728
693,"Amazing 3BR, panoramic view, bath tub, Ben Thanh","$1,073",10.7689617,106.6970826
694,-20% 4BR Landmark 81~ Free exercise + swim,"$1,992",10.79456,106.72028
695,Saigon Skyline Suite next to Palace Garden,"$1,028",10.780291557312012,106.69588470458984
696,Spacious Suite with Saigon View in District 1,$925,10.779902458190918,106.69579315185548
697,Amazing Panorama view - corner balcony - 1 Bed,"$1,037",10.76904,106.697
698,D1_HCMC/Madison 5*_2Br+/Pool_Gym_ City View,"$1,001",10.778483240203949,106.70424420386551
699,Private Plunge Pool Garden Duplex ‚Ä¢ Lakeview Park,$946,10.743726985013886,106.6975486067459
700,Landmark 81 luxury service 247@ high river view,"$1,128",10.79465,106.72219
701,Clothes Dryer*Hot Bathtub*Mini Bar*2Balconies,"$2,292",10.7626,106.69758
702,BTown-house 4beds 5baths @MRT - BenThanh Market,"$1,053",10.76984,106.69737
703,Executive Suite - Lounge Access,"$2,274",10.77746,106.70478
704,3BR/4Beds | 2BA ‚Ä¢ Central D1 ‚Ä¢ Group Stay ‚Ä¢ Corner,"$1,135",10.76369,106.6946
705,Family Apartment 4 beds Ben Thanh Tower,"$1,078",10.7689617,106.6970826
706,Saigon City View | Rooftop Pool & 24h Support,"$1,983",10.77538,106.70335
707,Villa Phu My Hung 4brs+1,"$2,401",10.71939,106.73307
708,Premium apartment 3BR - Private Lift,"$1,185",10.777209686583047,106.71267432812267
709,"Spacious 3BR, 4 Beds ‚Ä¢ City View ‚Ä¢ 5M to Ben Thanh",$961,10.7659,106.7029
710,Thomas&Co-Exclusive 4 BR 4 bath @Zenity District 1,"$1,087",10.7559986,106.687524
711,The Crest By TrueStay | Top Floor ‚Ä¢ Pool & Gym,$947,10.77963308062489,106.71380746138898
712,The Rose Blanc Pool Villa,"$2,365",10.804328197018163,106.7454275177928
713,8 APT | Lively Stay | Balcony & Kitchen & Music,"$2,224",10.765610489662778,106.68602596577388
714,The Rixx CityView@D1/Operahouse/Metro/pool/Netflix,"$1,076",10.777489868470196,106.70327983537156
715,3BR/Sun-kissed  Apt/Green Park & Pool/Near Airport,"$1,020",10.8054488,106.6153
716,Ben Thanh Maison,"$1,167",10.773614,106.6979897
717,"SunriseView, Tan Hung, District 7, Saigon","$1,962",10.745163234067244,106.70150600373744
718,UC Apartment-9 Flats-Panorama Plunge-Elevator,"$2,296",10.76573737034724,106.68734020883218
719,"Good view, Good service, Apt","$2,090",10.76172,106.69979
720,Thu Dau 1 City Center SkyView,"$1,915",10.970699860477094,106.66627979459508
721,Honey Comb B1811 district 2,"$2,049",10.80307,106.74672
722,Best Preferred Rental thinkers,"$2,095",10.77351,106.69732
723,Spacious Complex Apartment in Central - Ben Thanh,"$1,908",10.76957,106.69797
724,Villa 5 BRs - Private pool - Karaoke system - D2,"$2,342",10.76649,106.75771
725,"Gem Villa Palm City, 5 bedrooms, 7 beds, karaoke","$2,309",10.7933868,106.7632055
726,"8 Studios | Scene City Stay | Pool | Lift, Kitchen","$2,315",10.767988808685724,106.69318081284814
727,8 BR w 8BA/Golden Hour by the Rooftop Pool/LIFT,"$2,297",10.77478,106.70186
728,7 bedrooms in Landmark area,"$1,950",10.79476,106.71876
729,Signature Studio- Lounge Access,"$1,910",10.77556,106.70402
730,Blue Apartnent with Free Netflix+RooftopPool,"$2,288",10.762920527471788,106.6983986645937
731,Luxury 4BR Gem -private elevator _ Metro Galleria,"$2,290",10.772669768203675,106.7133521570862
732,FEBRUARYroom-Vinhomes Grand Park,"$2,219",10.846125656668102,106.84349745512009
733,Penthouse Tokyo,"$2,029",10.75746,106.69562
734,"7 Studios | Central D1 | Music, Lift, Kitchen, 24H","$1,947",10.77658,106.70368
735,Wide 4BR Apt in Landmark 81,"$1,992",10.79422,106.721
736,Namaste Villa,"$2,436",10.8257463,106.8651817
737,4Br_Metro Gallery_Royalty,"$2,119",10.775986868514892,106.71420230939516
738,@L81~4BR~free bath towels~for Family Luxury~cozy.,"$2,013",10.7957,106.72195
739,LuxHomes Penthouse Ascentia D7,"$2,274",10.720513003653176,106.72932005343732
740,Villa 86,"$2,233",10.8086,106.72687
741,Urban Oasis | Rooftop Pool + Elevator Access,"$2,279",10.774415727078813,106.7018227678841
742,Maison Villa Ozawa 4Br - 4WC,"$1,967",10.815408930226656,106.78063552826644
743,KN holiday Villa,"$1,983",10.783316098711309,106.7379802700597
744,KN Holiday Villa Private Outdoor Pool District 2,"$2,277",10.809202,106.754979
745,Pk san villas 101/53,"$2,001",10.71428,106.70542
746,A3 - 50 Villa Ho Chi Minh,"$2,251",10.72478,106.71024
747,Lanmark 81 4BR Apartment River view high floor,"$2,365",10.7957,106.72243
748,Gem Villa 10 - 5 Big Bedroom Big Pool Big Garden,"$2,456",10.80221,106.73598
749,New! JapTown Vincom 4x4 Family,"$1,982",10.7815,106.70513
750,CoCo Inn Saigon,"$2,342",10.808595543070629,106.70836742967369
751,White penthouse - Big Swimming Pool And BBQ,"$2,474",10.75447,106.6804
752,HOMESTAY RESORT SERVICES,"$2,183",10.7902,106.72722
753,The Opera Residence Luxury 2br,"$2,014",10.77705,106.71295
754,La Maison Villa - Villa for Filming,"$2,061",10.92657,106.7069
755,UC Apartment/9BR/Heart of Saigon/LIFT/Rooftop Pool,"$2,296",10.765986331378794,106.68596985881209
756,"Penthouse 5 bedrooms, pool, D2","$2,326",10.79872,106.7388
757,Luxury 4 bedroom apartment in Landmark 81,"$1,992",10.79426,106.72217
758,River view 4BR apartment in Landmark 81,"$1,992",10.79462,106.72133
759,Villa 86 Ho Chi Minh,"$2,251",10.81592,106.7297
760,"Cozy aparment, 20 mins from center, bus connected","$2,049",10.72916,106.62431
761,4PN view s√¥ng Landmark 81 Vinhomes Central Park,"$1,928",10.795149131482612,106.72189696323277
762,Garden villa with swimming pool and open terrace,"$2,210",10.71358,106.70479
763,"Three bedrooms. 3BR, Landmark","$2,202",10.7937237,106.7220665
764,‰∏âÂØùÂÆ§„ÄÇ3BR„ÄÅVinhomes Landmark,"$2,202",10.7937237,106.7220665
765,CƒÉn h·ªô 4PN Landmark 81 Vinhomes Central Park,"$2,122",10.793078552281589,106.72212074340818
766,9 Modern Units | Balcony & Kitchen | Lift & 24/24h,"$2,229",10.775005825648725,106.70196378648625
767,"Fully Furnished Room, Lotte Q7","$1,933",10.743900708603466,106.69890671124593
768,Modern 3BR Skyvillas Duplex in Serenity,"$2,285",10.78251,106.69009
769,Modern 2BR connecting*5mins to Ben Thanh*Pool/Gym,"$1,290",10.7731993,106.6956783
770,‰∏âÂØùÂÆ§„ÄÇ3BR Vinhomes Landmark,"$2,092",10.794211973592132,106.72276121014696
771,Thomas Zenity Family Stay ‚Äì 6BR + Free Amenities,"$1,341",10.7559986,106.687524
772,Best 7 Bedrooms 9 Beds in City Center | Free pool,"$1,365",10.758516093822792,106.6944638760574
773,Central Oasis - 5 Flats - Washer - Elevator,"$1,433",10.76667,106.69341
774,‰∏âÂØùÂÆ§„ÄÇ3BR„ÄÇVinhomes Landmark,"$2,202",10.7937237,106.7220665
775,Stunning Duplex Penthouse 4Brs 4Baths_City Center,"$1,321",10.75694,106.6941
776,Landmark 81 - 4BR - Luxury,"$2,108",10.79255,106.72144
777,D1 3Units 6Bed The MarQ 6* building Sky Pool & Gym,"$1,307",10.787088562450316,106.6977744104091
778,Botanist Lab 8 room 18ppl in Tan Dinh by Circadian,"$1,532",10.792906549715273,106.68704448161468
779,Apartment & Private Pool with 2 bedroom,"$1,395",10.781349,106.6892575
780,Perfect location- 2Beds 2Baths- District 1,"$1,288",10.77063,106.70628
781,Homestay 100 Tran Hung Dao,"$1,440",10.767049694333334,106.69261957078692
782,LARGE 5 BR-7 BED APT for LARGE Groups w FREE Pool.,"$1,558",10.7580992,106.694623
783,Skyview Saigon | Rooftop Pool & Lift Access,"$1,424",10.77482,106.70177
784,MaisonVilla Villa Pool BlackPink,"$2,238",10.71781,106.73372
785,Affordable Vacation Home For Family City Center,"$1,510",10.776284,106.6912398
786,3 Bedroom-2 Bathroom Luxury Apt.,"$1,506",10.77593420114268,106.71376837275024
787,3 Bedroom-2 Bathroom Luxury Apt.,"$1,433",10.77717468323371,106.71253155916928
788,"Central Saigon Retreat | Pool, Modern & Cozy","$1,433",10.77651,106.70237
789,-20% Modern 2BR Duplex #District3 @Pool*Gym*Sauna,"$1,515",10.7813668,106.6892362
790,Saigon Domaine Luxury Residences l 4-Bedroom Suite,"$1,288",10.82324,106.73061
791,Charming Saigon Retreat in d1 6b,"$1,283",10.754239062602815,106.6889012550878
792,Luxurious Zenity Apt in D1: Pool&Gym For 10 Guests,"$1,501",10.7553575,106.6875242
793,DQ Villa ( with pickle ball court ),"$1,512",10.832220272783452,106.697733476758
794,"6 Bedroom for 12pax, Saigon Center","$1,512",10.7633,106.69884
795,Lovely 2 bedroom with 2 private onsen bath,"$1,365",10.7226024,106.7280326
796,Metropole 3BR PresidentSuites Bathtub ‚Ä¢ BasonView,"$1,349",10.778579743603707,106.71275619417428
797,"Landmark 81  luxury 247 service, elegant","$1,356",10.79664,106.72131
798,metropole apartment for rent,"$1,365",10.777705619945296,106.71212185174228
799,"Vie Apartment- East 2Br River view, Gym and Pool","$1,383",10.804000717778647,106.7493448778987
800,Stunning Penthouse L1 tower Vinhomes Central Park,"$1,456",10.7937026,106.7220102
801,Serenity - Sky Villas 3 Bedroom - 403,"$1,528",10.781349,106.6892575
802,KN3 Holiday Villa,"$1,351",10.79983,106.73845
803,KayStay - Group Travellers at Opera,"$1,600",10.77610620976081,106.71140164646474
804,Premier City View (2pax),"$1,499",10.7821207,106.7045525
805,Group Combo | 2x2BR Next Door | 5 Beds | District1,"$1,402",10.76485,106.69483
806,4BR Landmark 81 Luxury apt River View & Nice House,"$1,337",10.79474,106.72033
807,Vo Van H Sang villa,"$1,387",10.82195772690832,106.80373806506395
808,Townhouse 7 bedrooms 10 baths Bui Vien,"$1,279",10.76321,106.68936
809,5BR Luxurious 10-guest Zenity Apt:Pool&Gym in D1,"$1,471",10.7553575,106.6875242
810,"RiverGate Apartment for 12per, 5mins Saigon Center","$1,329",10.7639,106.69969
811,5 Deluxe Flats-Skyline Oasis-Elevator-Free Laundry,"$1,387",10.765515629617305,106.6860152367466
812,TheMarQ 6*Condo Dist1_6bed4bath_ @Floor22_2Units,"$1,462",10.7876777,106.6989446
813,Le' Places | 6 Bedrooms Free Pool Gym | Distirct1,"$1,385",10.7559986,106.687524
814,5Br/Unique/Luxury@Pool/Zenity/D1/new/buivien/HCM,"$1,326",10.75568,106.68658
815,LM81 luxury 4-brs apartment by Khoi Nguyen Group,"$1,299",10.7951119,106.722096
816,D1 Family Comfort: Zenity 5BR_Pool_Pizza 4P's,"$1,447",10.75467492562117,106.68863772666212
817,Ben Thanh Tower Cozy Balcony 3BR APT Pool Gym,"$1,505",10.76962,106.69794
818,zenity_2BR With Balcony,"$1,352",10.76606350973092,106.7001254924026
819,Landmark 81 - 4bedrooms - Vinhome - HoChiMinh city,"$1,462",10.79626,106.71797
820,Landmark 6 | 6BR Ample Combo (2 units) - Vinhomes,"$1,378",10.7951119,106.722096
821,"Zenity: 6BR for Your Saigon Life - Pool, Gym in D1","$1,439",10.7553575,106.6875242
822,Luxury 4BR Apt in Landmark 81 Vinhome Central Park,"$1,992",10.79596,106.7215
823,Opera Residence 3BR Duplex Metropole Thu Thiem,"$1,403",10.7772111,106.7128862
824,"Nice room, best view and clean","$2,342",10.7614,106.69961
825,"Sunny/ Spacious 3BR-2WC Apt @Ben Thanh, Gym, Pool.",$984,10.76903603094701,106.69713467359544
826,7 bedrooms 8 baths 9 beds Bui Vien,"$1,549",10.76868,106.69376
827,"Three bedrooms. 3BR, Landmark 81","$2,342",10.7951119,106.722096
828,Duplex 3BR SkyVillas Serenity Q3,"$2,729",10.7816,106.68955
829,Landmark 81 - 4 Bedroom,"$2,224",10.7971877,106.7211949
830,"Elevare D1, 2Brs(3Beds)+2Wc, View River + City",$691,10.7553526,106.6876641
831,20%OfFamilyRoom Walk To BenThanh,"$2,304",10.77508,106.69587
832,The apartment with a great view,"$1,139",10.778537589522635,106.71338226937932
833,Gem Villa 15 - 7 Big Bedroom - Big Pool,"$2,700",10.80671,106.73394
